{
    "theme": {
        "file": "/ventoy/theme/Vimix/theme.txt",
        "gfxmode": "1920x1080",
        "display_mode": "GUI",
        "serial_param": "--unit=0 --speed=9600",
        "ventoy_left": "5%",
        "ventoy_top": "95%",
        "ventoy_color": "#0000ff",
        "fonts": [
            "/ventoy/theme/Vimix/dejavu_32.pf2",
            "/ventoy/theme/Vimix/dejavu_sans_12.pf2",
            "/ventoy/theme/Vimix/dejavu_sans_14.pf2",
            "/ventoy/theme/Vimix/dejavu_sans_16.pf2",  
            "/ventoy/theme/Vimix/dejavu_sans_24.pf2",
            "/ventoy/theme/Vimix/dejavu_sans_48.pf2",
            "/ventoy/theme/Vimix/terminus-12.pf2",
            "/ventoy/theme/Vimix/terminus-14.pf2",
            "/ventoy/theme/Vimix/terminus-16.pf2",
            "/ventoy/theme/Vimix/terminus-18.pf2"
        ]
    }
}